escenario,lambda,mu,c,rho,lq,wq_min,estado
Normal (1 GPU),10,20,1,0.5,0.5,3.0,ACEPTABLE
Normal (2 GPUs),10,20,2,0.25,0.03333333333333333,0.19999999999999998,OPTIMO
Pico (1 GPU),18,20,1,0.9,8.100000000000003,27.00000000000001,CRITICO
Pico (2 GPUs),18,20,2,0.45,0.22852664576802512,0.761755485893417,OPTIMO
Critico (2 GPUs),25,20,2,0.625,0.8012820512820511,1.9230769230769225,OPTIMO
Critico (3 GPUs),25,20,3,0.4166666666666667,0.11105188343994317,0.2665245202558636,OPTIMO
